{"cameraMode":{"drawMode":0,"name":"Shaded","section":"Shading Mode"},"sceneLighting":false,"audioPlay":false,"sceneViewState":{"showFog":false,"showMaterialUpdate":false,"showSkybox":false,"showFlares":false,"showImageEffects":false,"showParticleSystems":true},"in2DMode":false,"pivot":{"x":-37.01392364501953,"y":1.690000057220459,"z":-3.2200000286102297},"rotation":{"x":-0.33253946900367739,"y":-0.005658763460814953,"z":0.0019954112358391287,"w":-0.9430702924728394},"size":1.0171276330947877,"orthographic":false}