{"cameraMode":{"drawMode":0,"name":"Shaded","section":"Shading Mode"},"sceneLighting":false,"audioPlay":false,"sceneViewState":{"showFog":false,"showMaterialUpdate":false,"showSkybox":false,"showFlares":false,"showImageEffects":false,"showParticleSystems":true},"in2DMode":false,"pivot":{"x":0.07451748847961426,"y":0.20734858512878419,"z":-0.1251116693019867},"rotation":{"x":-0.12026926875114441,"y":-0.7621114253997803,"z":0.14815035462379456,"w":-0.6186864972114563},"size":2.91583514213562,"orthographic":false}