{"cameraMode":{"drawMode":0,"name":"Shaded","section":"Shading Mode"},"sceneLighting":false,"audioPlay":false,"sceneViewState":{"showFog":false,"showMaterialUpdate":false,"showSkybox":false,"showFlares":false,"showImageEffects":false,"showParticleSystems":true},"in2DMode":false,"pivot":{"x":46.56948471069336,"y":-0.9799613952636719,"z":50.41158676147461},"rotation":{"x":-0.41726213693618777,"y":-0.4376588761806488,"z":0.2405167520046234,"w":-0.7592751383781433},"size":56.080440521240237,"orthographic":false}