{"cameraMode":{"drawMode":0,"name":"Shaded","section":"Shading Mode"},"sceneLighting":false,"audioPlay":false,"sceneViewState":{"showFog":false,"showMaterialUpdate":false,"showSkybox":false,"showFlares":false,"showImageEffects":false,"showParticleSystems":true},"in2DMode":false,"pivot":{"x":662.283935546875,"y":259.0223083496094,"z":643.3505249023438},"rotation":{"x":-0.011999375186860562,"y":0.009600791148841381,"z":-0.00011531553172972053,"w":-0.9998819231987},"size":1489.35498046875,"orthographic":false}