{"cameraMode":{"drawMode":0,"name":"Shaded","section":"Shading Mode"},"sceneLighting":false,"audioPlay":false,"sceneViewState":{"showFog":false,"showMaterialUpdate":false,"showSkybox":false,"showFlares":false,"showImageEffects":false,"showParticleSystems":true},"in2DMode":false,"pivot":{"x":-36.88157272338867,"y":1.8324328660964966,"z":-4.829339504241943},"rotation":{"x":-0.17664429545402528,"y":-0.6907796859741211,"z":0.1800699383020401,"w":-0.6776394248008728},"size":2.8522539138793947,"orthographic":false}