{"cameraMode":{"drawMode":0,"name":"Shaded","section":"Shading Mode"},"sceneLighting":false,"audioPlay":false,"sceneViewState":{"showFog":false,"showMaterialUpdate":false,"showSkybox":false,"showFlares":false,"showImageEffects":false,"showParticleSystems":true},"in2DMode":false,"pivot":{"x":266.3197021484375,"y":-85.56364440917969,"z":1200.7288818359375},"rotation":{"x":-0.07631184905767441,"y":0.054415177553892139,"z":-0.004170980304479599,"w":-0.9955893754959106},"size":1837.4022216796875,"orthographic":false}