{"cameraMode":{"drawMode":0,"name":"Shaded","section":"Shading Mode"},"sceneLighting":false,"audioPlay":false,"sceneViewState":{"showFog":false,"showMaterialUpdate":false,"showSkybox":false,"showFlares":false,"showImageEffects":false,"showParticleSystems":true},"in2DMode":false,"pivot":{"x":11.433470726013184,"y":0.19572144746780396,"z":-11.034453392028809},"rotation":{"x":-0.2376355081796646,"y":0.023309579119086267,"z":-0.0057042245753109459,"w":-0.9710579514503479},"size":2.382915496826172,"orthographic":false}