{"cameraMode":{"drawMode":0,"name":"Shaded","section":"Shading Mode"},"sceneLighting":false,"audioPlay":false,"sceneViewState":{"showFog":false,"showMaterialUpdate":false,"showSkybox":false,"showFlares":false,"showImageEffects":false,"showParticleSystems":true},"in2DMode":false,"pivot":{"x":1.588623046875,"y":0.6201171875,"z":2.45654296875},"rotation":{"x":-0.019374262541532518,"y":0.8792371153831482,"z":-0.47463542222976687,"w":-0.03588900715112686},"size":5.276507377624512,"orthographic":true}