{"cameraMode":{"drawMode":0,"name":"Shaded","section":"Shading Mode"},"sceneLighting":false,"audioPlay":false,"sceneViewState":{"showFog":false,"showMaterialUpdate":false,"showSkybox":false,"showFlares":false,"showImageEffects":false,"showParticleSystems":true},"in2DMode":false,"pivot":{"x":-30.613935470581056,"y":5.070000171661377,"z":0.5899999737739563},"rotation":{"x":-0.33253946900367739,"y":-0.005658763460814953,"z":0.0019954112358391287,"w":-0.9430702924728394},"size":0.2829163670539856,"orthographic":false}